# ************************************************************
# Sequel Pro SQL dump
# Version 4541
#
# http://www.sequelpro.com/
# https://github.com/sequelpro/sequelpro
#
# Host: 127.0.0.1 (MySQL 5.7.24)
# Database: expressOKR
# Generation Time: 2019-03-02 09:40:21 +0000
# ************************************************************


/*!40101 SET @OLD_CHARACTER_SET_CLIENT=@@CHARACTER_SET_CLIENT */;
/*!40101 SET @OLD_CHARACTER_SET_RESULTS=@@CHARACTER_SET_RESULTS */;
/*!40101 SET @OLD_COLLATION_CONNECTION=@@COLLATION_CONNECTION */;
/*!40101 SET NAMES utf8 */;
/*!40014 SET @OLD_FOREIGN_KEY_CHECKS=@@FOREIGN_KEY_CHECKS, FOREIGN_KEY_CHECKS=0 */;
/*!40101 SET @OLD_SQL_MODE=@@SQL_MODE, SQL_MODE='NO_AUTO_VALUE_ON_ZERO' */;
/*!40111 SET @OLD_SQL_NOTES=@@SQL_NOTES, SQL_NOTES=0 */;


# Dump of table happiness
# ------------------------------------------------------------

DROP TABLE IF EXISTS `happiness`;

CREATE TABLE `happiness` (
  `id` int(11) unsigned NOT NULL AUTO_INCREMENT,
  `name` varchar(255) DEFAULT NULL,
  `created_at` timestamp NULL DEFAULT CURRENT_TIMESTAMP ON UPDATE CURRENT_TIMESTAMP,
  `updated_at` timestamp NULL DEFAULT CURRENT_TIMESTAMP ON UPDATE CURRENT_TIMESTAMP,
  PRIMARY KEY (`id`)
) ENGINE=InnoDB DEFAULT CHARSET=utf8;

LOCK TABLES `happiness` WRITE;
/*!40000 ALTER TABLE `happiness` DISABLE KEYS */;

INSERT INTO `happiness` (`id`, `name`, `created_at`, `updated_at`)
VALUES
	(1,'积极情绪','2019-02-25 11:59:34','2019-02-25 11:59:34'),
	(2,'投入','2019-02-25 11:59:42','2019-02-25 11:59:42'),
	(3,'人际关系','2019-02-25 11:59:54','2019-02-25 11:59:54'),
	(4,'意义','2019-02-25 12:00:02','2019-02-25 12:00:02'),
	(5,'成就','2019-02-25 12:00:11','2019-02-25 12:00:11');

/*!40000 ALTER TABLE `happiness` ENABLE KEYS */;
UNLOCK TABLES;


# Dump of table keyresults
# ------------------------------------------------------------

DROP TABLE IF EXISTS `keyresults`;

CREATE TABLE `keyresults` (
  `id` int(11) unsigned NOT NULL AUTO_INCREMENT,
  `objective_id` int(11) DEFAULT NULL,
  `keyresult` varchar(255) DEFAULT NULL,
  `created_at` timestamp NULL DEFAULT CURRENT_TIMESTAMP ON UPDATE CURRENT_TIMESTAMP,
  `updated_at` timestamp NULL DEFAULT CURRENT_TIMESTAMP ON UPDATE CURRENT_TIMESTAMP,
  PRIMARY KEY (`id`)
) ENGINE=InnoDB DEFAULT CHARSET=utf8;

LOCK TABLES `keyresults` WRITE;
/*!40000 ALTER TABLE `keyresults` DISABLE KEYS */;

INSERT INTO `keyresults` (`id`, `objective_id`, `keyresult`, `created_at`, `updated_at`)
VALUES
	(1,1,'成就5','2019-02-28 11:30:32','2019-02-28 11:30:32'),
	(2,1,'成就 5','2019-02-27 21:31:06','2019-02-27 21:31:06'),
	(3,1,'准备公开课的材料','2019-02-25 11:30:17','2019-02-25 11:30:17'),
	(4,6,'准备公开课的材料','2019-02-26 09:48:00','2019-02-26 09:48:00'),
	(5,8,'已完成第一部分：我们的书和它所创造的奇迹','2019-02-26 10:02:13','2019-02-26 10:02:13'),
	(6,8,'已完成第一部分：我们的书和它所创造的奇迹','2019-02-26 10:05:31','2019-02-26 10:05:31'),
	(7,8,'已完成第一部分：我们的书和它所创造的奇迹','2019-02-26 10:07:28','2019-02-26 10:07:28'),
	(8,NULL,NULL,'2019-02-26 11:19:42','2019-02-26 11:19:42'),
	(9,NULL,'[\'成就1\'，\'成就2\']','2019-02-26 11:42:54','2019-02-26 11:42:54'),
	(10,NULL,NULL,'2019-02-26 14:46:42','2019-02-26 14:46:42'),
	(11,18,'111','2019-02-26 15:13:29','2019-02-26 15:13:29'),
	(12,18,'222','2019-02-26 15:13:29','2019-02-26 15:13:29'),
	(13,20,'成就 1','2019-02-26 22:26:47','2019-02-26 22:26:47'),
	(14,20,'成就 2','2019-02-26 22:26:47','2019-02-26 22:26:47'),
	(15,21,'成就 1','2019-02-28 10:33:27','2019-02-28 10:33:27'),
	(16,21,'成就 2','2019-02-28 10:33:27','2019-02-28 10:33:27'),
	(17,22,'成就 1','2019-02-28 11:29:57','2019-02-28 11:29:57'),
	(18,22,'成就 2','2019-02-28 11:29:57','2019-02-28 11:29:57'),
	(19,33,'成就1','2019-02-28 20:38:30','2019-02-28 20:38:30'),
	(20,33,'成就2','2019-02-28 20:38:30','2019-02-28 20:38:30');

/*!40000 ALTER TABLE `keyresults` ENABLE KEYS */;
UNLOCK TABLES;


# Dump of table objectives
# ------------------------------------------------------------

DROP TABLE IF EXISTS `objectives`;

CREATE TABLE `objectives` (
  `id` int(11) unsigned NOT NULL AUTO_INCREMENT,
  `user_id` int(11) DEFAULT NULL,
  `objective` varchar(255) DEFAULT NULL,
  `deadline` timestamp NULL DEFAULT CURRENT_TIMESTAMP ON UPDATE CURRENT_TIMESTAMP,
  `created_at` timestamp NULL DEFAULT CURRENT_TIMESTAMP ON UPDATE CURRENT_TIMESTAMP,
  `updated_at` timestamp NULL DEFAULT CURRENT_TIMESTAMP ON UPDATE CURRENT_TIMESTAMP,
  PRIMARY KEY (`id`)
) ENGINE=InnoDB DEFAULT CHARSET=utf8;

LOCK TABLES `objectives` WRITE;
/*!40000 ALTER TABLE `objectives` DISABLE KEYS */;

INSERT INTO `objectives` (`id`, `user_id`, `objective`, `deadline`, `created_at`, `updated_at`)
VALUES
	(1,1,'rrrr','2019-02-26 22:26:47','2019-02-27 21:30:10','2019-02-27 21:30:10'),
	(2,1,'月底做一次公开课',NULL,'2019-02-25 22:11:01','2019-02-25 22:11:01'),
	(3,2,'一年旅游一次',NULL,'2019-02-25 22:11:08','2019-02-25 22:11:08'),
	(4,2,'一年发一篇文章','2019-02-25 23:00:34','2019-02-25 23:00:34','2019-02-25 23:00:34'),
	(5,1,'年底看完一本关于经典语录及论文学术的英文书','2019-02-25 00:00:00','2019-02-26 09:14:28','2019-02-26 09:14:28'),
	(6,1,'年底看完一本关于经典语录及论文学术的英文书','2019-02-25 00:00:00','2019-02-26 09:42:21','2019-02-26 09:42:21'),
	(7,1,'年底看完一本关于经典语录及论文学术的英文书','2019-02-25 00:00:00','2019-02-26 09:54:44','2019-02-26 09:54:44'),
	(8,1,'年底看完一本关于经典语录及论文学术的英文书','2019-02-25 00:00:00','2019-02-26 10:02:13','2019-02-26 10:02:13'),
	(9,1,'年底看完一本关于经典语录及论文学术的英文书','2019-02-25 00:00:00','2019-02-26 10:05:31','2019-02-26 10:05:31'),
	(10,1,'年底看完一本关于经典语录及论文学术的英文书','2019-02-25 00:00:00','2019-02-26 10:07:28','2019-02-26 10:07:28'),
	(11,1,'年底看完一本关于经典语录及论文学术的英文书','2019-02-25 23:00:34','2019-02-26 11:19:41','2019-02-26 11:19:41'),
	(12,1,'年底看完一本关于经典语录及论文学术的英文书','2019-02-25 23:00:34','2019-02-26 11:27:52','2019-02-26 11:27:52'),
	(13,1,'年底看完一本关于经典语录及论文学术的英文书','2019-02-25 23:00:34','2019-02-26 11:42:54','2019-02-26 11:42:54'),
	(14,1,'年底看完一本关于经典语录及论文学术的英文书','2019-02-25 23:00:34','2019-02-26 14:46:15','2019-02-26 14:46:15'),
	(15,1,'年底看完一本关于经典语录及论文学术的英文书','2019-02-25 23:00:34','2019-02-26 14:48:10','2019-02-26 14:48:10'),
	(16,1,'年底看完一本关于经典语录及论文学术的英文书','2019-02-25 23:00:34','2019-02-26 14:57:27','2019-02-26 14:57:27'),
	(17,1,'年底看完一本关于经典语录及论文学术的英文书','2019-02-25 23:00:34','2019-02-26 14:58:38','2019-02-26 14:58:38'),
	(18,1,'123','2019-02-25 23:00:34','2019-02-26 15:13:29','2019-02-26 15:13:29'),
	(19,1,'hhh','2019-02-25 23:00:34','2019-02-26 22:24:42','2019-02-26 22:24:42'),
	(20,1,'hhh','2019-02-25 23:00:34','2019-02-26 22:26:47','2019-02-26 22:26:47'),
	(21,1,'hhh','2019-02-25 23:00:34','2019-02-28 10:33:27','2019-02-28 10:33:27'),
	(22,1,'hhh','2019-02-25 23:00:34','2019-02-28 11:29:57','2019-02-28 11:29:57'),
	(23,1,'22','2019-02-25 23:00:34','2019-02-28 20:04:57','2019-02-28 20:04:57'),
	(24,1,'22','2019-02-25 23:00:34','2019-02-28 20:06:21','2019-02-28 20:06:21'),
	(25,1,'22','2019-02-25 23:00:34','2019-02-28 20:09:24','2019-02-28 20:09:24'),
	(26,1,'22','2019-02-25 23:00:34','2019-02-28 20:13:11','2019-02-28 20:13:11'),
	(27,1,'22','2019-02-25 23:00:34','2019-02-28 20:17:36','2019-02-28 20:17:36'),
	(28,1,'22','2019-02-25 23:00:34','2019-02-28 20:21:43','2019-02-28 20:21:43'),
	(29,1,'22','2019-02-25 23:00:34','2019-02-28 20:23:50','2019-02-28 20:23:50'),
	(30,1,'22','2019-02-25 23:00:34','2019-02-28 20:25:03','2019-02-28 20:25:03'),
	(31,1,'22','2019-02-25 23:00:34','2019-02-28 20:26:33','2019-02-28 20:26:33'),
	(32,1,'22','2019-02-25 23:00:34','2019-02-28 20:35:38','2019-02-28 20:35:38'),
	(33,1,'22','2019-02-25 23:00:34','2019-02-28 20:38:30','2019-02-28 20:38:30');

/*!40000 ALTER TABLE `objectives` ENABLE KEYS */;
UNLOCK TABLES;


# Dump of table todo
# ------------------------------------------------------------

DROP TABLE IF EXISTS `todo`;

CREATE TABLE `todo` (
  `id` int(11) unsigned NOT NULL AUTO_INCREMENT,
  `todos_id` int(11) DEFAULT NULL,
  `value` varchar(255) DEFAULT NULL,
  `status` int(11) DEFAULT NULL,
  `created_at` timestamp NULL DEFAULT CURRENT_TIMESTAMP ON UPDATE CURRENT_TIMESTAMP,
  `updated_at` timestamp NULL DEFAULT CURRENT_TIMESTAMP ON UPDATE CURRENT_TIMESTAMP,
  PRIMARY KEY (`id`)
) ENGINE=InnoDB DEFAULT CHARSET=utf8;

LOCK TABLES `todo` WRITE;
/*!40000 ALTER TABLE `todo` DISABLE KEYS */;

INSERT INTO `todo` (`id`, `todos_id`, `value`, `status`, `created_at`, `updated_at`)
VALUES
	(1,1,'看一部惊悚系列的纪录片',1,'2019-03-02 14:26:48','2019-03-02 14:26:48'),
	(2,1,'学习一篇新概念英语，',0,'2019-02-25 11:48:05','2019-02-25 11:48:05'),
	(3,1,'今天对同事说一句商务英语',1,'2019-03-02 09:58:38','2019-03-02 09:58:38'),
	(4,4,'项目一',NULL,'2019-02-28 12:01:27','2019-02-28 12:01:27'),
	(5,5,NULL,NULL,'2019-02-28 14:49:16','2019-02-28 14:49:16'),
	(6,6,NULL,NULL,'2019-02-28 15:11:50','2019-02-28 15:11:50'),
	(7,7,'7',NULL,'2019-02-28 15:13:47','2019-02-28 15:13:47'),
	(8,8,'项目 1',1,'2019-03-02 11:29:25','2019-03-02 11:29:25'),
	(9,8,'项目 2',NULL,'2019-02-28 15:19:38','2019-02-28 15:19:38'),
	(10,8,'项目三',NULL,'2019-02-28 15:19:38','2019-02-28 15:19:38'),
	(11,9,'项目 1',NULL,'2019-02-28 16:07:06','2019-02-28 16:07:06'),
	(12,9,'项目 2',NULL,'2019-02-28 16:07:06','2019-02-28 16:07:06'),
	(13,9,'项目三',NULL,'2019-02-28 16:07:06','2019-02-28 16:07:06'),
	(14,10,'项目 1',NULL,'2019-02-28 16:10:40','2019-02-28 16:10:40'),
	(15,10,'项目 2',NULL,'2019-02-28 16:10:40','2019-02-28 16:10:40'),
	(16,10,'项目三',NULL,'2019-02-28 16:10:40','2019-02-28 16:10:40'),
	(17,11,'项目 1',NULL,'2019-02-28 16:11:47','2019-02-28 16:11:47'),
	(18,11,'项目 2',NULL,'2019-02-28 16:11:47','2019-02-28 16:11:47'),
	(19,11,'项目三',NULL,'2019-02-28 16:11:47','2019-02-28 16:11:47'),
	(20,12,'项目 1',NULL,'2019-02-28 16:15:37','2019-02-28 16:15:37'),
	(21,12,'项目 2',NULL,'2019-02-28 16:15:37','2019-02-28 16:15:37'),
	(22,12,'项目三',NULL,'2019-02-28 16:15:37','2019-02-28 16:15:37'),
	(23,13,'项目 1',NULL,'2019-02-28 16:19:45','2019-02-28 16:19:45'),
	(24,13,'项目 2',NULL,'2019-02-28 16:19:45','2019-02-28 16:19:45'),
	(25,13,'项目三',NULL,'2019-02-28 16:19:45','2019-02-28 16:19:45'),
	(26,14,'项目 1',NULL,'2019-02-28 20:15:07','2019-02-28 20:15:07'),
	(27,14,'项目 2',NULL,'2019-02-28 20:15:07','2019-02-28 20:15:07'),
	(28,14,'项目三',NULL,'2019-02-28 20:15:07','2019-02-28 20:15:07'),
	(29,15,'项目 1',NULL,'2019-03-02 11:41:50','2019-03-02 11:41:50'),
	(30,15,'项目 2',NULL,'2019-03-02 11:41:50','2019-03-02 11:41:50'),
	(31,15,'项目三',NULL,'2019-03-02 11:41:50','2019-03-02 11:41:50'),
	(32,16,'项目 1',NULL,'2019-03-02 11:42:38','2019-03-02 11:42:38'),
	(33,16,'项目 2',NULL,'2019-03-02 11:42:38','2019-03-02 11:42:38'),
	(34,16,'项目三',NULL,'2019-03-02 11:42:38','2019-03-02 11:42:38'),
	(35,17,'项目 1',NULL,'2019-03-02 12:22:07','2019-03-02 12:22:07'),
	(36,17,'项目 2',NULL,'2019-03-02 12:22:07','2019-03-02 12:22:07'),
	(37,17,'项目三',NULL,'2019-03-02 12:22:07','2019-03-02 12:22:07'),
	(38,18,'项目 1',NULL,'2019-03-02 14:24:45','2019-03-02 14:24:45'),
	(39,18,'项目 2',NULL,'2019-03-02 14:24:45','2019-03-02 14:24:45'),
	(40,18,'项目三',NULL,'2019-03-02 14:24:45','2019-03-02 14:24:45'),
	(41,19,'项目 1',NULL,'2019-03-02 17:14:53','2019-03-02 17:14:53'),
	(42,19,'项目 2',NULL,'2019-03-02 17:14:53','2019-03-02 17:14:53'),
	(43,19,'项目三',NULL,'2019-03-02 17:14:53','2019-03-02 17:14:53'),
	(44,20,'项目 1',NULL,'2019-03-02 17:29:57','2019-03-02 17:29:57'),
	(45,20,'项目 2',NULL,'2019-03-02 17:29:57','2019-03-02 17:29:57'),
	(46,20,'项目三',NULL,'2019-03-02 17:29:57','2019-03-02 17:29:57');

/*!40000 ALTER TABLE `todo` ENABLE KEYS */;
UNLOCK TABLES;


# Dump of table todo-keyresult
# ------------------------------------------------------------

DROP TABLE IF EXISTS `todo-keyresult`;

CREATE TABLE `todo-keyresult` (
  `id` int(11) unsigned NOT NULL AUTO_INCREMENT,
  `todo_id` int(11) unsigned NOT NULL,
  `todos_id` int(11) DEFAULT NULL,
  `objectivers_id` int(11) DEFAULT NULL,
  `keyresult_id` int(11) DEFAULT NULL,
  `created_at` timestamp NULL DEFAULT CURRENT_TIMESTAMP ON UPDATE CURRENT_TIMESTAMP,
  `updated_at` timestamp NULL DEFAULT CURRENT_TIMESTAMP ON UPDATE CURRENT_TIMESTAMP,
  PRIMARY KEY (`id`)
) ENGINE=InnoDB DEFAULT CHARSET=utf8;

LOCK TABLES `todo-keyresult` WRITE;
/*!40000 ALTER TABLE `todo-keyresult` DISABLE KEYS */;

INSERT INTO `todo-keyresult` (`id`, `todo_id`, `todos_id`, `objectivers_id`, `keyresult_id`, `created_at`, `updated_at`)
VALUES
	(1,1,1,1,1,'2019-02-28 16:15:18','2019-02-28 16:15:18'),
	(2,1,2,2,2,'2019-02-28 16:15:25','2019-02-28 16:15:25'),
	(3,1,NULL,NULL,NULL,'2019-02-28 16:15:30','2019-02-28 16:15:30'),
	(18,20,NULL,NULL,1,'2019-02-28 16:15:37','2019-02-28 16:15:37'),
	(19,20,NULL,NULL,2,'2019-02-28 16:15:37','2019-02-28 16:15:37'),
	(20,23,NULL,NULL,1,'2019-02-28 16:19:45','2019-02-28 16:19:45'),
	(21,23,NULL,NULL,2,'2019-02-28 16:19:45','2019-02-28 16:19:45'),
	(22,26,NULL,NULL,1,'2019-02-28 20:15:07','2019-02-28 20:15:07'),
	(23,26,NULL,NULL,2,'2019-02-28 20:15:07','2019-02-28 20:15:07'),
	(24,29,NULL,NULL,1,'2019-03-02 11:41:50','2019-03-02 11:41:50'),
	(25,29,NULL,NULL,2,'2019-03-02 11:41:50','2019-03-02 11:41:50'),
	(26,32,NULL,NULL,1,'2019-03-02 11:42:38','2019-03-02 11:42:38'),
	(27,32,NULL,NULL,2,'2019-03-02 11:42:38','2019-03-02 11:42:38'),
	(28,35,NULL,NULL,1,'2019-03-02 12:22:07','2019-03-02 12:22:07'),
	(29,35,NULL,NULL,2,'2019-03-02 12:22:07','2019-03-02 12:22:07'),
	(30,38,NULL,NULL,1,'2019-03-02 14:24:45','2019-03-02 14:24:45'),
	(31,38,NULL,NULL,2,'2019-03-02 14:24:45','2019-03-02 14:24:45'),
	(32,41,NULL,NULL,1,'2019-03-02 17:14:53','2019-03-02 17:14:53'),
	(33,41,NULL,NULL,2,'2019-03-02 17:14:53','2019-03-02 17:14:53'),
	(34,44,NULL,NULL,1,'2019-03-02 17:29:57','2019-03-02 17:29:57'),
	(35,44,NULL,NULL,2,'2019-03-02 17:29:57','2019-03-02 17:29:57');

/*!40000 ALTER TABLE `todo-keyresult` ENABLE KEYS */;
UNLOCK TABLES;


# Dump of table todos
# ------------------------------------------------------------

DROP TABLE IF EXISTS `todos`;

CREATE TABLE `todos` (
  `id` int(11) unsigned NOT NULL AUTO_INCREMENT,
  `user_id` int(11) DEFAULT NULL,
  `reflect` varchar(255) DEFAULT NULL,
  `surprise` varchar(255) DEFAULT NULL,
  `created_at` timestamp NULL DEFAULT CURRENT_TIMESTAMP ON UPDATE CURRENT_TIMESTAMP,
  `updated_at` timestamp NULL DEFAULT CURRENT_TIMESTAMP ON UPDATE CURRENT_TIMESTAMP,
  PRIMARY KEY (`id`)
) ENGINE=InnoDB DEFAULT CHARSET=utf8;

LOCK TABLES `todos` WRITE;
/*!40000 ALTER TABLE `todos` DISABLE KEYS */;

INSERT INTO `todos` (`id`, `user_id`, `reflect`, `surprise`, `created_at`, `updated_at`)
VALUES
	(1,1,'ddd','每天保证一定听力的时间，至少15分钟的时间，集中注意力，并有意识地去记忆好的句子','2019-03-02 10:02:14','2019-03-02 10:02:14'),
	(2,2,'反思每天要做的事情','保证完成每天的任务','2019-02-25 11:45:35','2019-02-25 11:45:35'),
	(3,1,NULL,'aaa','2019-02-28 11:53:41','2019-02-28 11:53:41'),
	(4,1,NULL,'bbb','2019-02-28 12:01:27','2019-02-28 12:01:27'),
	(5,1,NULL,'bbb','2019-02-28 14:49:16','2019-02-28 14:49:16'),
	(6,1,NULL,'bbb','2019-02-28 15:11:50','2019-02-28 15:11:50'),
	(7,1,NULL,'bbb','2019-02-28 15:13:47','2019-02-28 15:13:47'),
	(8,1,NULL,'bbb','2019-02-28 15:19:38','2019-02-28 15:19:38'),
	(9,1,NULL,'bbb','2019-02-28 16:07:06','2019-02-28 16:07:06'),
	(10,1,NULL,'bbb','2019-02-28 16:10:40','2019-02-28 16:10:40'),
	(11,1,NULL,'bbb','2019-02-28 16:11:47','2019-02-28 16:11:47'),
	(12,1,NULL,'bbb','2019-02-28 16:15:37','2019-02-28 16:15:37'),
	(13,1,NULL,'bbb','2019-02-28 16:19:45','2019-02-28 16:19:45'),
	(14,1,NULL,'bbb','2019-02-28 20:15:07','2019-02-28 20:15:07'),
	(15,1,NULL,'bbb','2019-03-02 11:41:50','2019-03-02 11:41:50'),
	(16,1,NULL,'bbb','2019-03-02 11:42:38','2019-03-02 11:42:38'),
	(17,1,NULL,'bbb','2019-03-02 12:22:07','2019-03-02 12:22:07'),
	(18,1,NULL,'bbb','2019-03-02 14:24:45','2019-03-02 14:24:45'),
	(19,1,NULL,'bbb','2019-03-02 17:14:53','2019-03-02 17:14:53'),
	(20,1,NULL,'bbb','2019-03-02 17:29:57','2019-03-02 17:29:57');

/*!40000 ALTER TABLE `todos` ENABLE KEYS */;
UNLOCK TABLES;


# Dump of table user-happiness
# ------------------------------------------------------------

DROP TABLE IF EXISTS `user-happiness`;

CREATE TABLE `user-happiness` (
  `id` int(11) unsigned NOT NULL AUTO_INCREMENT,
  `todos_id` int(11) DEFAULT NULL,
  `happiness_id` int(11) DEFAULT NULL,
  `user_id` int(11) DEFAULT NULL,
  `created_at` timestamp NULL DEFAULT CURRENT_TIMESTAMP ON UPDATE CURRENT_TIMESTAMP,
  `updated_at` timestamp NULL DEFAULT CURRENT_TIMESTAMP ON UPDATE CURRENT_TIMESTAMP,
  PRIMARY KEY (`id`)
) ENGINE=InnoDB DEFAULT CHARSET=utf8;

LOCK TABLES `user-happiness` WRITE;
/*!40000 ALTER TABLE `user-happiness` DISABLE KEYS */;

INSERT INTO `user-happiness` (`id`, `todos_id`, `happiness_id`, `user_id`, `created_at`, `updated_at`)
VALUES
	(1,1,NULL,1,'2019-02-25 12:04:17','2019-02-25 12:04:17'),
	(2,1,NULL,1,'2019-02-25 12:04:37','2019-02-25 12:04:37'),
	(3,1,NULL,1,'2019-02-25 12:04:51','2019-02-25 12:04:51'),
	(4,NULL,1,NULL,'2019-03-02 15:02:45','2019-03-02 15:02:45'),
	(5,NULL,2,NULL,'2019-03-02 15:02:45','2019-03-02 15:02:45'),
	(6,NULL,3,NULL,'2019-03-02 15:02:45','2019-03-02 15:02:45'),
	(7,NULL,1,NULL,'2019-03-02 15:04:01','2019-03-02 15:04:01'),
	(8,NULL,2,NULL,'2019-03-02 15:04:01','2019-03-02 15:04:01'),
	(9,NULL,3,NULL,'2019-03-02 15:04:01','2019-03-02 15:04:01'),
	(10,NULL,1,NULL,'2019-03-02 15:05:18','2019-03-02 15:05:18'),
	(11,NULL,2,NULL,'2019-03-02 15:05:18','2019-03-02 15:05:18'),
	(12,NULL,3,NULL,'2019-03-02 15:05:18','2019-03-02 15:05:18'),
	(13,NULL,1,NULL,'2019-03-02 15:11:23','2019-03-02 15:11:23'),
	(14,1,1,NULL,'2019-03-02 15:38:20','2019-03-02 15:38:20'),
	(15,1,2,NULL,'2019-03-02 15:38:20','2019-03-02 15:38:20'),
	(16,1,3,NULL,'2019-03-02 15:38:20','2019-03-02 15:38:20'),
	(17,1,1,NULL,'2019-03-02 17:30:44','2019-03-02 17:30:44'),
	(18,1,2,NULL,'2019-03-02 17:30:44','2019-03-02 17:30:44'),
	(19,1,3,NULL,'2019-03-02 17:30:44','2019-03-02 17:30:44');

/*!40000 ALTER TABLE `user-happiness` ENABLE KEYS */;
UNLOCK TABLES;


# Dump of table users
# ------------------------------------------------------------

DROP TABLE IF EXISTS `users`;

CREATE TABLE `users` (
  `id` int(11) unsigned NOT NULL AUTO_INCREMENT,
  `name` varchar(255) CHARACTER SET utf8mb4 DEFAULT '',
  `password` int(11) DEFAULT NULL,
  `email` varchar(255) CHARACTER SET utf8mb4 DEFAULT NULL,
  `created_at` timestamp NULL DEFAULT CURRENT_TIMESTAMP ON UPDATE CURRENT_TIMESTAMP,
  `updated_at` timestamp NULL DEFAULT CURRENT_TIMESTAMP ON UPDATE CURRENT_TIMESTAMP,
  PRIMARY KEY (`id`)
) ENGINE=InnoDB DEFAULT CHARSET=utf8;

LOCK TABLES `users` WRITE;
/*!40000 ALTER TABLE `users` DISABLE KEYS */;

INSERT INTO `users` (`id`, `name`, `password`, `email`, `created_at`, `updated_at`)
VALUES
	(1,'anna',123456,'123456789@qq.com',NULL,NULL),
	(2,'bob',234567,'234567890@qq.com',NULL,NULL),
	(3,'cidy',345678,'345678901@qq.com',NULL,NULL),
	(4,'dina',456789,'456789012@qq.com',NULL,NULL);

/*!40000 ALTER TABLE `users` ENABLE KEYS */;
UNLOCK TABLES;



/*!40111 SET SQL_NOTES=@OLD_SQL_NOTES */;
/*!40101 SET SQL_MODE=@OLD_SQL_MODE */;
/*!40014 SET FOREIGN_KEY_CHECKS=@OLD_FOREIGN_KEY_CHECKS */;
/*!40101 SET CHARACTER_SET_CLIENT=@OLD_CHARACTER_SET_CLIENT */;
/*!40101 SET CHARACTER_SET_RESULTS=@OLD_CHARACTER_SET_RESULTS */;
/*!40101 SET COLLATION_CONNECTION=@OLD_COLLATION_CONNECTION */;
