# ************************************************************
# Sequel Pro SQL dump
# Version 4541
#
# http://www.sequelpro.com/
# https://github.com/sequelpro/sequelpro
#
# Host: 127.0.0.1 (MySQL 5.7.24)
# Database: expressOKR
# Generation Time: 2019-03-15 02:05:47 +0000
# ************************************************************


/*!40101 SET @OLD_CHARACTER_SET_CLIENT=@@CHARACTER_SET_CLIENT */;
/*!40101 SET @OLD_CHARACTER_SET_RESULTS=@@CHARACTER_SET_RESULTS */;
/*!40101 SET @OLD_COLLATION_CONNECTION=@@COLLATION_CONNECTION */;
/*!40101 SET NAMES utf8 */;
/*!40014 SET @OLD_FOREIGN_KEY_CHECKS=@@FOREIGN_KEY_CHECKS, FOREIGN_KEY_CHECKS=0 */;
/*!40101 SET @OLD_SQL_MODE=@@SQL_MODE, SQL_MODE='NO_AUTO_VALUE_ON_ZERO' */;
/*!40111 SET @OLD_SQL_NOTES=@@SQL_NOTES, SQL_NOTES=0 */;


# Dump of table happiness
# ------------------------------------------------------------

DROP TABLE IF EXISTS `happiness`;

CREATE TABLE `happiness` (
  `id` int(11) unsigned NOT NULL AUTO_INCREMENT,
  `name` varchar(255) DEFAULT NULL,
  `created_at` timestamp NULL DEFAULT CURRENT_TIMESTAMP ON UPDATE CURRENT_TIMESTAMP,
  `updated_at` timestamp NULL DEFAULT CURRENT_TIMESTAMP ON UPDATE CURRENT_TIMESTAMP,
  PRIMARY KEY (`id`)
) ENGINE=InnoDB DEFAULT CHARSET=utf8;

LOCK TABLES `happiness` WRITE;
/*!40000 ALTER TABLE `happiness` DISABLE KEYS */;

INSERT INTO `happiness` (`id`, `name`, `created_at`, `updated_at`)
VALUES
	(1,'积极情绪','2019-02-25 11:59:34','2019-02-25 11:59:34'),
	(2,'投入','2019-02-25 11:59:42','2019-02-25 11:59:42'),
	(3,'人际关系','2019-02-25 11:59:54','2019-02-25 11:59:54'),
	(4,'意义','2019-02-25 12:00:02','2019-02-25 12:00:02'),
	(5,'成就','2019-02-25 12:00:11','2019-02-25 12:00:11');

/*!40000 ALTER TABLE `happiness` ENABLE KEYS */;
UNLOCK TABLES;


# Dump of table keyresults
# ------------------------------------------------------------

DROP TABLE IF EXISTS `keyresults`;

CREATE TABLE `keyresults` (
  `id` int(11) unsigned NOT NULL AUTO_INCREMENT,
  `objective_id` int(11) DEFAULT NULL,
  `keyresult` varchar(255) DEFAULT NULL,
  `created_at` timestamp NULL DEFAULT CURRENT_TIMESTAMP ON UPDATE CURRENT_TIMESTAMP,
  `updated_at` timestamp NULL DEFAULT CURRENT_TIMESTAMP ON UPDATE CURRENT_TIMESTAMP,
  PRIMARY KEY (`id`)
) ENGINE=InnoDB DEFAULT CHARSET=utf8;

LOCK TABLES `keyresults` WRITE;
/*!40000 ALTER TABLE `keyresults` DISABLE KEYS */;

INSERT INTO `keyresults` (`id`, `objective_id`, `keyresult`, `created_at`, `updated_at`)
VALUES
	(71,46,'成就1','2019-03-11 14:57:59','2019-03-11 14:57:59'),
	(72,46,'成就2','2019-03-11 14:57:59','2019-03-11 14:57:59'),
	(73,47,'成就1','2019-03-11 15:01:01','2019-03-11 15:01:01'),
	(74,47,'成就2','2019-03-11 15:01:01','2019-03-11 15:01:01'),
	(75,48,'bbb','2019-03-11 15:18:44','2019-03-11 15:18:44'),
	(76,48,'ccc','2019-03-11 15:18:44','2019-03-11 15:18:44'),
	(77,49,'已经看完第一部分','2019-03-11 15:20:58','2019-03-11 15:20:58'),
	(78,49,'已经看完第二部分','2019-03-11 15:20:58','2019-03-11 15:20:58'),
	(79,48,'成就3','2019-03-11 15:21:29','2019-03-11 15:21:29'),
	(80,50,'完成了演讲的大纲','2019-03-11 15:23:19','2019-03-11 15:23:19'),
	(81,50,'完成了演讲的ppt','2019-03-11 15:23:19','2019-03-11 15:23:19'),
	(82,51,'成就1','2019-03-13 17:48:40','2019-03-13 17:48:40'),
	(83,51,'成就2','2019-03-13 17:48:40','2019-03-13 17:48:40'),
	(84,52,'成就1','2019-03-13 22:15:07','2019-03-13 22:15:07'),
	(85,52,'成就2','2019-03-13 22:15:07','2019-03-13 22:15:07'),
	(86,53,'成就1','2019-03-14 15:30:44','2019-03-14 15:30:44'),
	(87,53,'成就2','2019-03-14 15:30:44','2019-03-14 15:30:44'),
	(88,54,'kr','2019-03-15 00:32:46','2019-03-15 00:32:46'),
	(89,54,'gj','2019-03-15 00:32:46','2019-03-15 00:32:46'),
	(90,55,'kr2','2019-03-15 00:37:17','2019-03-15 00:37:17'),
	(91,55,'kr1','2019-03-15 00:37:17','2019-03-15 00:37:17'),
	(92,56,'koko','2019-03-15 01:06:59','2019-03-15 01:06:59'),
	(93,56,'koko','2019-03-15 01:06:59','2019-03-15 01:06:59');

/*!40000 ALTER TABLE `keyresults` ENABLE KEYS */;
UNLOCK TABLES;


# Dump of table objectives
# ------------------------------------------------------------

DROP TABLE IF EXISTS `objectives`;

CREATE TABLE `objectives` (
  `id` int(11) unsigned NOT NULL AUTO_INCREMENT,
  `user_id` int(11) DEFAULT NULL,
  `objective` varchar(255) DEFAULT NULL,
  `deadline` timestamp NULL DEFAULT CURRENT_TIMESTAMP ON UPDATE CURRENT_TIMESTAMP,
  `created_at` timestamp NULL DEFAULT CURRENT_TIMESTAMP ON UPDATE CURRENT_TIMESTAMP,
  `updated_at` timestamp NULL DEFAULT CURRENT_TIMESTAMP ON UPDATE CURRENT_TIMESTAMP,
  PRIMARY KEY (`id`)
) ENGINE=InnoDB DEFAULT CHARSET=utf8;

LOCK TABLES `objectives` WRITE;
/*!40000 ALTER TABLE `objectives` DISABLE KEYS */;

INSERT INTO `objectives` (`id`, `user_id`, `objective`, `deadline`, `created_at`, `updated_at`)
VALUES
	(45,NULL,NULL,'2019-03-11 14:38:48','2019-03-11 14:38:48','2019-03-11 14:38:48'),
	(46,1,'22','2019-02-25 00:00:00','2019-03-11 14:57:58','2019-03-11 14:57:58'),
	(47,1,'22','2019-02-25 00:00:00','2019-03-11 15:01:01','2019-03-11 15:01:01'),
	(48,1,'aaa','2019-03-31 00:00:00','2019-03-11 15:18:44','2019-03-11 15:18:44'),
	(49,1,'打算今年年底看完一本经典英语书','2019-04-30 00:00:00','2019-03-11 15:20:58','2019-03-11 15:20:58'),
	(50,1,'月底做一次公开演讲','2019-03-31 00:00:00','2019-03-11 15:23:19','2019-03-11 15:23:19'),
	(51,2,'目标一','2019-03-16 00:00:00','2019-03-13 17:48:40','2019-03-13 17:48:40'),
	(52,3,'目标一','2019-04-11 00:00:00','2019-03-13 22:15:07','2019-03-13 22:15:07'),
	(53,1,'22','2019-02-25 00:00:00','2019-03-14 15:30:44','2019-03-14 15:30:44'),
	(54,1,'mu','2019-03-30 00:00:00','2019-03-15 00:32:46','2019-03-15 00:32:46'),
	(55,1,'moo','2019-03-30 00:00:00','2019-03-15 00:37:17','2019-03-15 00:37:17'),
	(56,1,'mmm','2019-03-31 00:00:00','2019-03-15 01:06:59','2019-03-15 01:06:59');

/*!40000 ALTER TABLE `objectives` ENABLE KEYS */;
UNLOCK TABLES;


# Dump of table todo
# ------------------------------------------------------------

DROP TABLE IF EXISTS `todo`;

CREATE TABLE `todo` (
  `id` int(11) unsigned NOT NULL AUTO_INCREMENT,
  `todos_id` int(11) DEFAULT NULL,
  `value` varchar(255) DEFAULT NULL,
  `status` int(11) DEFAULT NULL,
  `created_at` timestamp NULL DEFAULT CURRENT_TIMESTAMP ON UPDATE CURRENT_TIMESTAMP,
  `updated_at` timestamp NULL DEFAULT CURRENT_TIMESTAMP ON UPDATE CURRENT_TIMESTAMP,
  PRIMARY KEY (`id`)
) ENGINE=InnoDB DEFAULT CHARSET=utf8;

LOCK TABLES `todo` WRITE;
/*!40000 ALTER TABLE `todo` DISABLE KEYS */;

INSERT INTO `todo` (`id`, `todos_id`, `value`, `status`, `created_at`, `updated_at`)
VALUES
	(1,1,'看一部惊悚系列的纪录片',1,'2019-03-02 14:26:48','2019-03-02 14:26:48'),
	(2,1,'学习一篇新概念英语，',0,'2019-02-25 11:48:05','2019-02-25 11:48:05'),
	(3,1,'今天对同事说一句商务英语',0,'2019-03-12 20:13:59','2019-03-12 20:13:59'),
	(107,41,'项目一',0,'2019-03-12 22:36:05','2019-03-12 22:36:05'),
	(108,41,'项目二',1,'2019-03-12 22:36:16','2019-03-12 22:36:16'),
	(109,41,'项目三',0,'2019-03-12 22:36:23','2019-03-12 22:36:23'),
	(110,42,'项目四',1,'2019-03-12 20:43:45','2019-03-12 20:43:45'),
	(111,42,'项目五',0,'2019-03-12 20:43:45','2019-03-12 20:43:45'),
	(112,42,'项目六',1,'2019-03-12 20:36:42','2019-03-12 20:36:42'),
	(113,43,'项目七',1,'2019-03-12 22:36:29','2019-03-12 22:36:29'),
	(114,43,'项目八',1,'2019-03-12 22:36:36','2019-03-12 22:36:36'),
	(115,43,'项目九',0,'2019-03-12 22:36:42','2019-03-12 22:36:42'),
	(116,44,'aaa',0,'2019-03-12 22:36:49','2019-03-12 22:36:49'),
	(117,44,'bbb',1,'2019-03-12 22:36:56','2019-03-12 22:36:56'),
	(118,44,'ccc',1,'2019-03-12 22:37:02','2019-03-12 22:37:02'),
	(119,45,'项目1',1,'2019-03-12 22:37:07','2019-03-12 22:37:07'),
	(120,45,'项目2',1,'2019-03-12 22:37:14','2019-03-12 22:37:14'),
	(121,45,'项目3',0,'2019-03-12 22:37:19','2019-03-12 22:37:19'),
	(122,46,'项目4',0,'2019-03-12 22:37:26','2019-03-12 22:37:26'),
	(123,46,'项目3',1,'2019-03-12 22:37:31','2019-03-12 22:37:31'),
	(124,46,'项目4',1,'2019-03-12 22:37:36','2019-03-12 22:37:36'),
	(125,47,'项目1',1,'2019-03-12 22:37:43','2019-03-12 22:37:43'),
	(126,47,'项目2',0,'2019-03-12 22:37:48','2019-03-12 22:37:48'),
	(127,47,'项目3',1,'2019-03-12 22:37:54','2019-03-12 22:37:54'),
	(128,48,'项目1',1,'2019-03-12 22:37:59','2019-03-12 22:37:59'),
	(129,48,'项目2',0,'2019-03-12 22:38:04','2019-03-12 22:38:04'),
	(130,48,'项目3',1,'2019-03-12 22:38:11','2019-03-12 22:38:11'),
	(131,49,'项目1',1,'2019-03-13 11:42:49','2019-03-13 11:42:49'),
	(132,49,'项目2',0,'2019-03-13 11:42:49','2019-03-13 11:42:49'),
	(133,49,'项目3',1,'2019-03-13 11:42:49','2019-03-13 11:42:49'),
	(134,50,'项目一',NULL,'2019-03-13 17:49:51','2019-03-13 17:49:51'),
	(135,50,'项目2',NULL,'2019-03-13 17:49:51','2019-03-13 17:49:51'),
	(136,50,'项目三',NULL,'2019-03-13 17:49:51','2019-03-13 17:49:51'),
	(137,51,'项目一',NULL,'2019-03-13 18:13:05','2019-03-13 18:13:05'),
	(138,51,'项目二',NULL,'2019-03-13 18:13:05','2019-03-13 18:13:05'),
	(139,51,'项目三',NULL,'2019-03-13 18:13:05','2019-03-13 18:13:05'),
	(140,52,'项目1',NULL,'2019-03-13 18:14:34','2019-03-13 18:14:34'),
	(141,52,'项目2',NULL,'2019-03-13 18:14:34','2019-03-13 18:14:34'),
	(142,52,'项目3',NULL,'2019-03-13 18:14:34','2019-03-13 18:14:34'),
	(143,53,'eeee',NULL,'2019-03-13 18:21:12','2019-03-13 18:21:12'),
	(144,53,'aaa',NULL,'2019-03-13 18:21:12','2019-03-13 18:21:12'),
	(145,53,'dfff',NULL,'2019-03-13 18:21:12','2019-03-13 18:21:12'),
	(146,54,'kbjghb',NULL,'2019-03-13 18:22:27','2019-03-13 18:22:27'),
	(147,54,'jvbhvgjhv',NULL,'2019-03-13 18:22:27','2019-03-13 18:22:27'),
	(148,54,'vgjvjvhjvjv',NULL,'2019-03-13 18:22:27','2019-03-13 18:22:27'),
	(149,55,'sdgsd',NULL,'2019-03-13 18:33:12','2019-03-13 18:33:12'),
	(150,55,'dsgsdg',NULL,'2019-03-13 18:33:12','2019-03-13 18:33:12'),
	(151,55,'dsfgsdfs',NULL,'2019-03-13 18:33:12','2019-03-13 18:33:12'),
	(152,56,'asad',NULL,'2019-03-13 18:35:03','2019-03-13 18:35:03'),
	(153,56,'asda',NULL,'2019-03-13 18:35:03','2019-03-13 18:35:03'),
	(154,56,'dasf',NULL,'2019-03-13 18:35:03','2019-03-13 18:35:03'),
	(155,57,'dfsasa',NULL,'2019-03-13 18:36:26','2019-03-13 18:36:26'),
	(156,57,'asdasd',NULL,'2019-03-13 18:36:26','2019-03-13 18:36:26'),
	(157,57,'asda',NULL,'2019-03-13 18:36:26','2019-03-13 18:36:26'),
	(158,58,'sdfada',NULL,'2019-03-13 18:36:57','2019-03-13 18:36:57'),
	(159,58,'asdasd',NULL,'2019-03-13 18:36:57','2019-03-13 18:36:57'),
	(160,58,'asdas',NULL,'2019-03-13 18:36:57','2019-03-13 18:36:57'),
	(161,59,'asda',NULL,'2019-03-13 18:37:55','2019-03-13 18:37:55'),
	(162,59,'asd',NULL,'2019-03-13 18:37:55','2019-03-13 18:37:55'),
	(163,59,'asd',NULL,'2019-03-13 18:37:55','2019-03-13 18:37:55'),
	(164,60,'今天第一件事',NULL,'2019-03-13 20:08:35','2019-03-13 20:08:35'),
	(165,60,'今天第二件事',NULL,'2019-03-13 20:08:35','2019-03-13 20:08:35'),
	(166,60,'今天第三件事',NULL,'2019-03-13 20:08:35','2019-03-13 20:08:35'),
	(167,61,'项目 1',NULL,'2019-03-13 20:13:06','2019-03-13 20:13:06'),
	(168,61,'项目 2',NULL,'2019-03-13 20:13:06','2019-03-13 20:13:06'),
	(169,61,'项目三',NULL,'2019-03-13 20:13:06','2019-03-13 20:13:06'),
	(170,62,'123',NULL,'2019-03-13 20:25:38','2019-03-13 20:25:38'),
	(171,62,'321',NULL,'2019-03-13 20:25:38','2019-03-13 20:25:38'),
	(172,62,'123',NULL,'2019-03-13 20:25:38','2019-03-13 20:25:38'),
	(173,63,'今日一件事',NULL,'2019-03-13 20:47:22','2019-03-13 20:47:22'),
	(174,63,'今日二件事',NULL,'2019-03-13 20:47:22','2019-03-13 20:47:22'),
	(175,63,'今日三件事',NULL,'2019-03-13 20:47:22','2019-03-13 20:47:22'),
	(176,64,'项目一',NULL,'2019-03-13 21:15:53','2019-03-13 21:15:53'),
	(177,64,'项目二',NULL,'2019-03-13 21:15:53','2019-03-13 21:15:53'),
	(178,64,'项目三',NULL,'2019-03-13 21:15:53','2019-03-13 21:15:53'),
	(179,65,'项目一',NULL,'2019-03-13 21:22:20','2019-03-13 21:22:20'),
	(180,65,'项目二',NULL,'2019-03-13 21:22:20','2019-03-13 21:22:20'),
	(181,65,'项目三',NULL,'2019-03-13 21:22:20','2019-03-13 21:22:20'),
	(182,66,'项目一',NULL,'2019-03-13 21:28:47','2019-03-13 21:28:47'),
	(183,66,'项目二',NULL,'2019-03-13 21:28:47','2019-03-13 21:28:47'),
	(184,66,'项目三',NULL,'2019-03-13 21:28:47','2019-03-13 21:28:47'),
	(185,67,'项目一',1,'2019-03-13 21:37:49','2019-03-13 21:37:49'),
	(186,67,'项目二',0,'2019-03-13 22:06:36','2019-03-13 22:06:36'),
	(187,67,'项目三',1,'2019-03-13 22:06:36','2019-03-13 22:06:36'),
	(188,68,'今日一件事',1,'2019-03-13 22:17:27','2019-03-13 22:17:27'),
	(189,68,'今日二件事',0,'2019-03-13 22:17:27','2019-03-13 22:17:27'),
	(190,68,'今日三件事',1,'2019-03-13 22:17:27','2019-03-13 22:17:27'),
	(191,69,'12345',NULL,'2019-03-14 18:05:22','2019-03-14 18:05:22'),
	(192,69,'23456',NULL,'2019-03-14 18:05:22','2019-03-14 18:05:22'),
	(193,69,'3456',NULL,'2019-03-14 18:05:22','2019-03-14 18:05:22'),
	(194,70,'12345',1,'2019-03-14 22:35:45','2019-03-14 22:35:45'),
	(195,70,'23456',0,'2019-03-14 22:35:45','2019-03-14 22:35:45'),
	(196,70,'3456',1,'2019-03-14 22:35:45','2019-03-14 22:35:45'),
	(197,71,'hu',NULL,'2019-03-15 01:12:32','2019-03-15 01:12:32'),
	(198,71,'hh',NULL,'2019-03-15 01:12:32','2019-03-15 01:12:32'),
	(199,71,'hh',NULL,'2019-03-15 01:12:32','2019-03-15 01:12:32'),
	(200,72,'hu',NULL,'2019-03-15 01:12:34','2019-03-15 01:12:34'),
	(201,72,'hh',NULL,'2019-03-15 01:12:34','2019-03-15 01:12:34'),
	(202,72,'hh',NULL,'2019-03-15 01:12:34','2019-03-15 01:12:34'),
	(203,73,'hu',NULL,'2019-03-15 01:12:34','2019-03-15 01:12:34'),
	(204,73,'hh',NULL,'2019-03-15 01:12:34','2019-03-15 01:12:34'),
	(205,73,'hh',NULL,'2019-03-15 01:12:34','2019-03-15 01:12:34'),
	(206,74,'hu',NULL,'2019-03-15 01:12:34','2019-03-15 01:12:34'),
	(207,74,'hh',NULL,'2019-03-15 01:12:34','2019-03-15 01:12:34'),
	(208,74,'hh',NULL,'2019-03-15 01:12:34','2019-03-15 01:12:34'),
	(209,75,'hu',NULL,'2019-03-15 01:12:35','2019-03-15 01:12:35'),
	(210,75,'hh',NULL,'2019-03-15 01:12:35','2019-03-15 01:12:35'),
	(211,75,'hh',NULL,'2019-03-15 01:12:35','2019-03-15 01:12:35'),
	(212,76,'hu',NULL,'2019-03-15 01:12:39','2019-03-15 01:12:39'),
	(213,76,'hh',NULL,'2019-03-15 01:12:39','2019-03-15 01:12:39'),
	(214,76,'hh',NULL,'2019-03-15 01:12:39','2019-03-15 01:12:39'),
	(215,77,'hu',NULL,'2019-03-15 01:12:50','2019-03-15 01:12:50'),
	(216,77,'hh',NULL,'2019-03-15 01:12:50','2019-03-15 01:12:50'),
	(217,77,'hh',NULL,'2019-03-15 01:12:50','2019-03-15 01:12:50'),
	(218,78,'hu',NULL,'2019-03-15 01:13:31','2019-03-15 01:13:31'),
	(219,78,'hh',NULL,'2019-03-15 01:13:31','2019-03-15 01:13:31'),
	(220,78,'hh',NULL,'2019-03-15 01:13:31','2019-03-15 01:13:31');

/*!40000 ALTER TABLE `todo` ENABLE KEYS */;
UNLOCK TABLES;


# Dump of table todo-keyresult
# ------------------------------------------------------------

DROP TABLE IF EXISTS `todo-keyresult`;

CREATE TABLE `todo-keyresult` (
  `id` int(11) unsigned NOT NULL AUTO_INCREMENT,
  `todo_id` int(11) unsigned NOT NULL,
  `todos_id` int(11) DEFAULT NULL,
  `keyresult_id` int(11) DEFAULT NULL,
  `created_at` timestamp NULL DEFAULT CURRENT_TIMESTAMP ON UPDATE CURRENT_TIMESTAMP,
  `updated_at` timestamp NULL DEFAULT CURRENT_TIMESTAMP ON UPDATE CURRENT_TIMESTAMP,
  PRIMARY KEY (`id`)
) ENGINE=InnoDB DEFAULT CHARSET=utf8;

LOCK TABLES `todo-keyresult` WRITE;
/*!40000 ALTER TABLE `todo-keyresult` DISABLE KEYS */;

INSERT INTO `todo-keyresult` (`id`, `todo_id`, `todos_id`, `keyresult_id`, `created_at`, `updated_at`)
VALUES
	(1,1,1,1,'2019-02-28 16:15:18','2019-02-28 16:15:18'),
	(2,1,2,2,'2019-02-28 16:15:25','2019-02-28 16:15:25'),
	(74,107,41,75,'2019-03-12 11:12:30','2019-03-12 11:12:30'),
	(75,107,41,77,'2019-03-12 11:12:30','2019-03-12 11:12:30'),
	(76,107,41,80,'2019-03-12 11:12:30','2019-03-12 11:12:30'),
	(77,110,42,75,'2019-03-12 11:29:37','2019-03-12 11:29:37'),
	(78,110,42,77,'2019-03-12 11:29:37','2019-03-12 11:29:37'),
	(79,113,43,76,'2019-03-12 14:27:10','2019-03-12 14:27:10'),
	(80,113,43,78,'2019-03-12 14:27:10','2019-03-12 14:27:10'),
	(81,113,43,80,'2019-03-12 14:27:10','2019-03-12 14:27:10'),
	(82,119,45,75,'2019-03-12 14:32:39','2019-03-12 14:32:39'),
	(83,119,45,77,'2019-03-12 14:32:39','2019-03-12 14:32:39'),
	(84,119,45,80,'2019-03-12 14:32:39','2019-03-12 14:32:39'),
	(85,122,46,75,'2019-03-12 14:43:05','2019-03-12 14:43:05'),
	(86,122,46,79,'2019-03-12 14:43:05','2019-03-12 14:43:05'),
	(87,125,47,75,'2019-03-12 14:55:21','2019-03-12 14:55:21'),
	(88,125,47,78,'2019-03-12 14:55:21','2019-03-12 14:55:21'),
	(89,128,48,75,'2019-03-12 15:08:26','2019-03-12 15:08:26'),
	(90,137,51,82,'2019-03-13 18:13:05','2019-03-13 18:13:05'),
	(91,140,52,82,'2019-03-13 18:14:34','2019-03-13 18:14:34'),
	(92,143,53,82,'2019-03-13 18:21:12','2019-03-13 18:21:12'),
	(93,143,53,83,'2019-03-13 18:21:12','2019-03-13 18:21:12'),
	(94,146,54,82,'2019-03-13 18:22:27','2019-03-13 18:22:27'),
	(95,146,54,83,'2019-03-13 18:22:27','2019-03-13 18:22:27'),
	(96,149,55,82,'2019-03-13 18:33:12','2019-03-13 18:33:12'),
	(97,152,56,82,'2019-03-13 18:35:03','2019-03-13 18:35:03'),
	(98,152,56,83,'2019-03-13 18:35:03','2019-03-13 18:35:03'),
	(99,155,57,82,'2019-03-13 18:36:26','2019-03-13 18:36:26'),
	(100,164,60,75,'2019-03-13 20:08:35','2019-03-13 20:08:35'),
	(101,164,60,79,'2019-03-13 20:08:35','2019-03-13 20:08:35'),
	(102,164,60,77,'2019-03-13 20:08:35','2019-03-13 20:08:35'),
	(103,167,61,1,'2019-03-13 20:13:06','2019-03-13 20:13:06'),
	(104,167,61,2,'2019-03-13 20:13:06','2019-03-13 20:13:06'),
	(105,170,62,75,'2019-03-13 20:25:38','2019-03-13 20:25:38'),
	(106,173,63,75,'2019-03-13 20:47:22','2019-03-13 20:47:22'),
	(107,176,64,75,'2019-03-13 21:15:53','2019-03-13 21:15:53'),
	(108,179,65,75,'2019-03-13 21:22:20','2019-03-13 21:22:20'),
	(109,182,66,75,'2019-03-13 21:28:47','2019-03-13 21:28:47'),
	(110,185,67,75,'2019-03-13 21:31:41','2019-03-13 21:31:41'),
	(111,188,68,84,'2019-03-13 22:16:26','2019-03-13 22:16:26'),
	(112,191,69,75,'2019-03-14 18:05:22','2019-03-14 18:05:22'),
	(113,194,70,75,'2019-03-14 18:19:00','2019-03-14 18:19:00');

/*!40000 ALTER TABLE `todo-keyresult` ENABLE KEYS */;
UNLOCK TABLES;


# Dump of table todos
# ------------------------------------------------------------

DROP TABLE IF EXISTS `todos`;

CREATE TABLE `todos` (
  `id` int(11) unsigned NOT NULL AUTO_INCREMENT,
  `user_id` int(11) DEFAULT NULL,
  `reflect` varchar(255) DEFAULT NULL,
  `surprise` varchar(255) DEFAULT NULL,
  `created_at` timestamp NULL DEFAULT CURRENT_TIMESTAMP ON UPDATE CURRENT_TIMESTAMP,
  `updated_at` timestamp NULL DEFAULT CURRENT_TIMESTAMP ON UPDATE CURRENT_TIMESTAMP,
  PRIMARY KEY (`id`)
) ENGINE=InnoDB DEFAULT CHARSET=utf8;

LOCK TABLES `todos` WRITE;
/*!40000 ALTER TABLE `todos` DISABLE KEYS */;

INSERT INTO `todos` (`id`, `user_id`, `reflect`, `surprise`, `created_at`, `updated_at`)
VALUES
	(1,1,'ddd','每天保证一定听力的时间，至少15分钟的时间，集中注意力，并有意识地去记忆好的句子','2019-03-02 10:02:14','2019-03-02 10:02:14'),
	(2,2,'反思每天要做的事情','保证完成每天的任务','2019-02-25 11:45:35','2019-02-25 11:45:35'),
	(41,1,'qqq','今日小确幸','2019-03-12 21:48:35','2019-03-12 21:48:35'),
	(42,1,'aaa','集中注意力，并有意识地去记忆好的句子','2019-03-12 20:43:45','2019-03-12 20:43:45'),
	(43,1,'eee','每天保证一定听力时间，至少15分钟','2019-03-12 21:48:41','2019-03-12 21:48:41'),
	(44,1,'ttt','fff','2019-03-12 21:48:47','2019-03-12 21:48:47'),
	(45,1,'每天要完成的事','今日小确幸','2019-03-12 21:49:16','2019-03-12 21:49:16'),
	(46,1,'每天至少要看半个小时的书','今日小确幸2','2019-03-12 21:49:56','2019-03-12 21:49:56'),
	(47,1,'要养成听英语新闻的习惯','今日小确幸','2019-03-12 21:50:26','2019-03-12 21:50:26'),
	(48,1,'每天要做计划','今日小确幸','2019-03-12 21:50:55','2019-03-12 21:50:55'),
	(49,1,'nnnn','今日小确幸－－多练习','2019-03-13 11:42:49','2019-03-13 11:42:49'),
	(50,2,NULL,'小确幸','2019-03-13 17:49:51','2019-03-13 17:49:51'),
	(51,2,NULL,'小确幸','2019-03-13 18:13:05','2019-03-13 18:13:05'),
	(52,2,NULL,'小确幸','2019-03-13 18:14:34','2019-03-13 18:14:34'),
	(53,2,NULL,'fgg','2019-03-13 18:21:12','2019-03-13 18:21:12'),
	(54,2,NULL,'vchcgh','2019-03-13 18:22:27','2019-03-13 18:22:27'),
	(55,2,NULL,'gsgsgs','2019-03-13 18:33:12','2019-03-13 18:33:12'),
	(56,2,NULL,'fasfasda','2019-03-13 18:35:03','2019-03-13 18:35:03'),
	(57,2,NULL,'dasdas','2019-03-13 18:36:26','2019-03-13 18:36:26'),
	(58,2,NULL,'asda','2019-03-13 18:36:57','2019-03-13 18:36:57'),
	(59,2,NULL,'fsdf','2019-03-13 18:37:55','2019-03-13 18:37:55'),
	(60,1,NULL,'今日小确幸123','2019-03-13 20:08:35','2019-03-13 20:08:35'),
	(61,1,NULL,'bbb','2019-03-13 20:13:06','2019-03-13 20:13:06'),
	(62,1,NULL,'123','2019-03-13 20:25:38','2019-03-13 20:25:38'),
	(63,1,NULL,'小确幸1','2019-03-13 20:47:22','2019-03-13 20:47:22'),
	(64,1,NULL,'小确幸111','2019-03-13 21:15:53','2019-03-13 21:15:53'),
	(65,1,NULL,'小确幸12345','2019-03-13 21:22:20','2019-03-13 21:22:20'),
	(66,1,NULL,'小确幸12345','2019-03-13 21:28:47','2019-03-13 21:28:47'),
	(67,1,'bbb','小确幸','2019-03-13 22:06:36','2019-03-13 22:06:36'),
	(68,3,'要按时完成今日三件事','今天小确幸123','2019-03-13 22:17:27','2019-03-13 22:17:27'),
	(69,1,NULL,'111','2019-03-14 18:05:22','2019-03-14 18:05:22'),
	(70,1,'今日小确幸','小确幸','2019-03-14 22:35:44','2019-03-14 22:35:44'),
	(71,1,NULL,'hh','2019-03-15 01:12:32','2019-03-15 01:12:32'),
	(72,1,NULL,'hh','2019-03-15 01:12:34','2019-03-15 01:12:34'),
	(73,1,NULL,'hh','2019-03-15 01:12:34','2019-03-15 01:12:34'),
	(74,1,NULL,'hh','2019-03-15 01:12:34','2019-03-15 01:12:34'),
	(75,1,NULL,'hh','2019-03-15 01:12:35','2019-03-15 01:12:35'),
	(76,1,NULL,'hh','2019-03-15 01:12:39','2019-03-15 01:12:39'),
	(77,1,NULL,'hh','2019-03-15 01:12:50','2019-03-15 01:12:50'),
	(78,1,NULL,'hh','2019-03-15 01:13:31','2019-03-15 01:13:31');

/*!40000 ALTER TABLE `todos` ENABLE KEYS */;
UNLOCK TABLES;


# Dump of table user-happiness
# ------------------------------------------------------------

DROP TABLE IF EXISTS `user-happiness`;

CREATE TABLE `user-happiness` (
  `id` int(11) unsigned NOT NULL AUTO_INCREMENT,
  `todos_id` int(11) DEFAULT NULL,
  `happiness_id` int(11) DEFAULT NULL,
  `user_id` int(11) DEFAULT NULL,
  `created_at` timestamp NULL DEFAULT CURRENT_TIMESTAMP ON UPDATE CURRENT_TIMESTAMP,
  `updated_at` timestamp NULL DEFAULT CURRENT_TIMESTAMP ON UPDATE CURRENT_TIMESTAMP,
  PRIMARY KEY (`id`)
) ENGINE=InnoDB DEFAULT CHARSET=utf8;

LOCK TABLES `user-happiness` WRITE;
/*!40000 ALTER TABLE `user-happiness` DISABLE KEYS */;

INSERT INTO `user-happiness` (`id`, `todos_id`, `happiness_id`, `user_id`, `created_at`, `updated_at`)
VALUES
	(1,1,1,1,'2019-03-02 21:42:17','2019-03-02 21:42:17'),
	(2,1,2,1,'2019-03-02 21:42:23','2019-03-02 21:42:23'),
	(3,1,3,1,'2019-03-02 21:42:29','2019-03-02 21:42:29'),
	(35,42,1,NULL,'2019-03-12 18:31:01','2019-03-12 18:31:01'),
	(36,42,5,NULL,'2019-03-12 18:31:01','2019-03-12 18:31:01'),
	(37,42,2,NULL,'2019-03-12 23:13:55','2019-03-12 23:13:55'),
	(38,43,5,NULL,'2019-03-12 23:14:04','2019-03-12 23:14:04'),
	(39,43,1,NULL,'2019-03-12 23:14:14','2019-03-12 23:14:14'),
	(40,43,3,NULL,'2019-03-12 23:14:27','2019-03-12 23:14:27'),
	(41,43,1,NULL,'2019-03-12 23:14:50','2019-03-12 23:14:50'),
	(42,44,5,NULL,'2019-03-12 23:15:38','2019-03-12 23:15:38'),
	(43,44,2,NULL,'2019-03-12 23:15:54','2019-03-12 23:15:54'),
	(44,44,3,NULL,'2019-03-12 23:16:06','2019-03-12 23:16:06'),
	(45,45,3,NULL,'2019-03-12 23:16:16','2019-03-12 23:16:16'),
	(46,45,1,NULL,'2019-03-12 23:16:29','2019-03-12 23:16:29'),
	(47,45,2,NULL,'2019-03-12 23:16:39','2019-03-12 23:16:39'),
	(48,46,3,NULL,'2019-03-12 23:16:56','2019-03-12 23:16:56'),
	(49,46,5,NULL,'2019-03-12 23:17:21','2019-03-12 23:17:21'),
	(50,46,1,NULL,'2019-03-12 23:17:14','2019-03-12 23:17:14'),
	(51,47,3,NULL,'2019-03-12 23:17:39','2019-03-12 23:17:39'),
	(52,47,1,NULL,'2019-03-12 23:17:47','2019-03-12 23:17:47'),
	(53,47,2,NULL,'2019-03-12 23:18:08','2019-03-12 23:18:08'),
	(54,47,4,NULL,'2019-03-12 23:19:19','2019-03-12 23:19:19'),
	(55,47,5,NULL,'2019-03-12 23:19:25','2019-03-12 23:19:25'),
	(56,48,1,NULL,'2019-03-12 23:19:43','2019-03-12 23:19:43'),
	(57,48,3,NULL,'2019-03-12 23:20:03','2019-03-12 23:20:03'),
	(58,48,2,NULL,'2019-03-12 23:20:28','2019-03-12 23:20:28'),
	(74,49,1,NULL,'2019-03-13 11:42:49','2019-03-13 11:42:49'),
	(78,67,1,NULL,'2019-03-13 21:37:49','2019-03-13 21:37:49'),
	(79,67,4,NULL,'2019-03-13 21:37:49','2019-03-13 21:37:49'),
	(80,67,3,NULL,'2019-03-13 21:37:49','2019-03-13 21:37:49'),
	(84,68,1,NULL,'2019-03-13 22:17:27','2019-03-13 22:17:27'),
	(85,68,3,NULL,'2019-03-13 22:17:27','2019-03-13 22:17:27'),
	(86,68,5,NULL,'2019-03-13 22:17:27','2019-03-13 22:17:27'),
	(87,70,1,NULL,'2019-03-14 22:35:45','2019-03-14 22:35:45'),
	(88,70,5,NULL,'2019-03-14 22:35:45','2019-03-14 22:35:45');

/*!40000 ALTER TABLE `user-happiness` ENABLE KEYS */;
UNLOCK TABLES;


# Dump of table users
# ------------------------------------------------------------

DROP TABLE IF EXISTS `users`;

CREATE TABLE `users` (
  `id` int(11) unsigned NOT NULL AUTO_INCREMENT,
  `name` varchar(255) CHARACTER SET utf8mb4 DEFAULT '',
  `password` int(11) DEFAULT NULL,
  `email` varchar(255) CHARACTER SET utf8mb4 DEFAULT NULL,
  `created_at` timestamp NULL DEFAULT CURRENT_TIMESTAMP ON UPDATE CURRENT_TIMESTAMP,
  `updated_at` timestamp NULL DEFAULT CURRENT_TIMESTAMP ON UPDATE CURRENT_TIMESTAMP,
  PRIMARY KEY (`id`)
) ENGINE=InnoDB DEFAULT CHARSET=utf8;

LOCK TABLES `users` WRITE;
/*!40000 ALTER TABLE `users` DISABLE KEYS */;

INSERT INTO `users` (`id`, `name`, `password`, `email`, `created_at`, `updated_at`)
VALUES
	(1,'anna',123456,'123456789@qq.com',NULL,NULL),
	(2,'bob',234567,'234567890@qq.com',NULL,NULL),
	(3,'cidy',345678,'345678901@qq.com',NULL,NULL),
	(4,'dina',456789,'456789012@qq.com',NULL,NULL);

/*!40000 ALTER TABLE `users` ENABLE KEYS */;
UNLOCK TABLES;



/*!40111 SET SQL_NOTES=@OLD_SQL_NOTES */;
/*!40101 SET SQL_MODE=@OLD_SQL_MODE */;
/*!40014 SET FOREIGN_KEY_CHECKS=@OLD_FOREIGN_KEY_CHECKS */;
/*!40101 SET CHARACTER_SET_CLIENT=@OLD_CHARACTER_SET_CLIENT */;
/*!40101 SET CHARACTER_SET_RESULTS=@OLD_CHARACTER_SET_RESULTS */;
/*!40101 SET COLLATION_CONNECTION=@OLD_COLLATION_CONNECTION */;
